"URL","Status","Working"
"https://cdn.karaca.com/image/marketplace-mirakll/7254381/5488d26aab9fec02821a-0.jpg","200","True"
"https://cdn.karaca.com/image/marketplace-mirakll/7213506/f156314a4dc386e00aca-0.jpg","200","True"
"https://www.luckyart.com.tr/berghoff-gem-natural-turuncu-dort-dilim-ekmek-kizartma-makinesi-ekmek-kizartma-makineleri-berghoff-931184-16-K.jpg","200","True"
"https://www.berghoff.com/media/catalog/product/cache/2/image/9df78eab33525d08d6e5fb8d27136e95/3/9/3950338.jpg","ERROR","False"
"https://cdn.karaca.com/image/marketplace-mirakll/7233015/8199bd8c1230a6b0be7d-0.jpg","200","True"
"https://cdn.karaca.com/image/marketplace-mirakll/7233016/verde-0.jpg","ERROR","False"
"https://cdn.karaca.com/image/marketplace-mirakll/7215840/red-0.jpg","ERROR","False"
"https://cdn.karaca.com/image/marketplace-mirakll/7226455/ce3801963f6a748f948d-0.jpg","200","True"
"https://www.luckyart.com.tr/berghoff-gem-retro-1500-w-mint-yesili-blender-blender-blender-seti-berghoff-938889-16-K.jpg","200","True"
"https://www.luckyart.com.tr/berghoff-gem-retro-krem-rengi-blender-seti-berghoff-938888-16-K.jpg","ERROR","False"
"https://www.luckyart.com.tr/berghoff-gem-retro-1500-w-mint-yesili-blender-blender-blender-seti-berghoff-938889-16-K.jpg","200","True"
"https://www.luckyart.com.tr/berghoff-gem-retro-vanilya-krem-rengi-dijital-izgara-ve-tost-makinesi-izgara-tost-makineleri-berghoff-939125-15-K.jpg","200","True"
"https://www.luckyart.com.tr/berghoff-gem-retro-mint-yesil-dijital-izgara-ve-tost-makinesi-izgara-tost-makineleri-berghoff-926152-15-B.jpg","ERROR","False"
"https://cdn.karaca.com/image/marketplace-mirakll/7216230/9d003a5ec8b101290d48-0.jpg","200","True"
"https://cdn.karaca.com/image/marketplace-mirakll/7216218/d2d352d552b4b1d2cd70-0.jpg","200","True"
"https://www.luckyart.com.tr/berghoff-gem-retro-dijital-gostergeli-5-lt-vanilya-krem-rengi-stand-mikser-stand-mikser-berghoff-931187-16-K.jpg","200","True"
"https://www.luckyart.com.tr/berghoff-gem-retro-7-lt-siyah-stand-mikser-berghoff-939126-16-K.jpg","ERROR","False"
"https://www.luckyart.com.tr/berghoff-gem-retro-kirmizi-iki-dilim-ekmek-kizartma-makinesi-berghoff-938856-16-K.jpg","200","True"
"https://www.luckyart.com.tr/berghoff-gem-retro-krem-rengi-dort-dilim-ekmek-kizartma-makinesi-ekmek-kizartma-makineleri-berghoff-938857-16-O.jpg","200","True"
"https://www.luckyart.com.tr/berghoff-gem-retro-kirmizi-dort-dilim-ekmek-kizartma-makinesi-berghoff-938858-16-K.jpg","200","True"
"https://www.luckyart.com.tr/berghoff-gem-royal-margery-17-litre-siyah-sari-desenli-su-isiticisi-su-isiticilari-berghoff-939173-16-O.jpg","200","True"
"https://www.luckyart.com.tr/berghoff-gem-royal-17-litre-sari-siyah-desenli-su-isiticisi-berghoff-939174-16-K.jpg","200","True"
"https://www.luckyart.com.tr/berghoff-gem-royal-iki-dilim-ekmek-kizartma-siyah-sari-berghoff-939175-16-K.jpg","200","True"
"https://cdn.karaca.com/image/marketplace-mirakll/7254373/60ade66b0228adcd6cff-0.jpg","200","True"
"https://cdn.karaca.com/image/marketplace-mirakll/7254401/6a026b0ffa6e8caa5e5f-0.jpg","200","True"
"https://cdn.karaca.com/image/marketplace-mirakll/7254378/e9607ce8ae1a171ff046-0.jpg","200","True"
"https://www.luckyart.com.tr/berghoff-gem-titan-siyah-izgara-ve-tost-makinesi-berghoff-939127-16-K.jpg","ERROR","False"
"https://www.luckyart.com.tr/berghoff-gem-titan-silver-izgara-ve-tost-makinesi-berghoff-939128-16-K.jpg","200","True"
"https://inyourorigin.com/storage/2025/03/iyo-ultrasonic-skin-scrubber-lifter-27.jpg","200","True"
"https://inyourorigin.com/storage/2025/02/revitalizing-eye-massager-iyo-6818-41-B.jpg","200","True"
"https://inyourorigin.com/storage/2025/02/trio-rf_urun-gorseli_iyo_Calisma-Yuzeyi-1-scaled.jpg","200","True"
"https://inyourorigin.com/storage/2025/07/iyo_urun-gorselleri_HAFTANIN-YILDIZI-07-scaled-1.jpg","200","True"
"https://fakirglobal.com/fakir-atomic-food-chopper-rouge-chopper-fakir-2195-29-O.jpg","200","True"
"https://www.fakir.az/fakir-choppy-dograyici-dograyici-fakir-2320-11-O.png","200","True"
"https://www.fakir.az/fakir-mr-chef-quadro-blender-desti-rosie-l-blenderi-fakir-910-11-O.png","200","True"
"https://www.fakir.az/fakir-mr-chef-quadro-blender-desti-rouge-l-blenderi-fakir-889-11-O.png","200","True"
"https://www.fakir.az/fakir-mr-chef-quadro-blender-desti-silverstone-l-blenderi-fakir-2138-11-O.jpg","200","True"
"https://www.fakir.az/fakir-mr-chef-quadro-blender-desti-ag-l-blenderi-fakir-2256-12-O.png","200","True"
"https://www.fakir.az/pro-intermix-blender-set-el-blenderi-fakir-1075-11-O.png","200","True"
"https://www.fakir.az/speed-lucca-blender-dsti-qara-v-gumus-fakir-l-blenderi-fakir-1573-11-O.png","200","True"
"https://www.fakir.az/speed-quadro-blender-seti-black-el-blenderi-fakir-1580-11-O.png","200","True"
"https://fakirglobal.com/storchop-dograyici-copper-301-58-K.jpg","200","True"
"https://fakirglobal.com/mixypro-blender-smoothie-blender-451-50-K.png","200","True"
"https://fakirglobal.com/mixypro-plus-smoothie-blender-anthracite-2322-50-K.png","200","True"
"https://www.fakir.az/fakir-bestea-elektrikli-caydan-black-red-caydan-fakir-1856-11-O.jpg","200","True"
"https://fakirglobal.com/bestea-tea-machine-white-gray-2837-48-K.jpg","200","True"
"https://productimages.hepsiburada.net/s/777/444-444/110001021512238.jpg","200","True"
"https://www.fakir.az/tastea-siyah-mor-cay-makinesi-caydan-fakir-1903-11-O.png","ERROR","False"
"https://www.fakir.az/tastea-siyah-kirmizi-cay-makinesi-caydan-fakir-1904-11-O.png","ERROR","False"
"https://fakirglobal.com/adell-kettle-rouge-su-isiticisi-2095-48-K.jpg","ERROR","False"
"https://fakirglobal.com/percy-kettle-su-isiticisi-2096-48-K.jpg","ERROR","False"
"https://www.fakir.az/fakir-wk1000-caydan-qara-su-isidici-caydan-fakir-2092-11-O.jpg","200","True"
"https://www.fakir.az/fakir-kaavedualpro-turk-kofe-mashini-antrasit-turk-qhvbisirn-fakir-936-11-O.png","200","True"
"https://fakirglobal.com/fakir-kaave-turkish-coffee-maker-silver-2079-37-K.jpg","ERROR","False"
"https://www.fakir.az/kaave-mono-turk-qhvsi-makinesi-rosie-turk-qhvbisirn-fakir-1899-11-O.png","ERROR","False"
"https://fakirglobal.com/baba-manuel-espresso-machine-2222-32-K.jpg","200","True"
"https://fakirglobal.com/aromatic-coffee-spice-prinder-1824-73-K.jpg","200","True"
"https://fakirglobal.com/darkys-two-in-one-vertical-cable-dry-vacuum-broom-rouge-2139-26-K.jpg","200","True"
"https://productimages.hepsiburada.net/s/504/110000558492357.jpg","ERROR","False"
"https://fakirglobal.com/robert-rs-770-akilli-robot-supurge-706-50-K.png","200","True"
"https://fakirglobal.com/robert-rs-780-plus-cop-istasyonlu-akilli-robot-supurge-821-54-K.png","200","True"
"https://fakirglobal.com/freelander-bl-6056-bagless-electric-vacuum-cleaner-silverstone-2104-26-K.jpg","ERROR","False"
"https://www.fakir.az/wd-7-pure-clean-2-in-1-dikey-sarjli-supurge-sarjli-dikey-supurge-fakir-2165-11-O.jpg","ERROR","False"
"https://www.fakir.az/airform-sac-sekillendirici-seti-fen-sac-feni-fakir-2058-11-O.png","ERROR","False"
"https://www.fakir.az/ion-booster-sac-kurutma-makinesi-sac-feni-fakir-2052-11-O.jpg","200","True"
"https://www.fakir.az/master-d-sac-kurutma-makinesi-sac-feni-fakir-2056-11-O.png","ERROR","False"
"https://www.fakir.az/super-d-sac-kurutma-makinesi-sac-feni-fakir-2059-11-O.png","ERROR","False"
"https://www.fakir.az/ion-fusion-duzlestirici-duzlestirici-fakir-2053-11-O.jpg","200","True"
"https://www.fakir.az/sapphire-luxe-steam-buxarli-sac-duzlesdirici-duzlesdirici-fakir-2057-11-O.jpg","200","True"
"https://www.fakir.az/ion-fusion-3-in-1-sac-sekillendirici-sac-sekillendirici-fakir-2054-11-O.png","ERROR","False"
"https://www.fakir.az/uno-chefry-sicak-hava-fritozu-fritoz-fakir-1522-11-O.png","200","True"
"https://www.fakir.az/premium-chefry-sicak-hava-fritozu-fritoz-fakir-1526-11-O.png","200","True"
"https://fakirglobal.com/culina-chef-kitchen-trying-rouge-1711-28-K.png","200","True"
"https://fakirglobal.com/culina-chef-kitchen-trynet-violet-1712-28-K.png","200","True"
"https://www.fakir.az/flourish-mutfak-sefi-grey-mtbx-sefi-fakir-2141-11-O.jpg","200","True"
"https://fakirglobal.com/magichef-kitchen-chef-2960-60-K.png","200","True"
"https://fakirglobal.com/alba-bread-frying-machine-rosie-1860-44-K.png","200","True"
"https://fakirglobal.com/n-joy-tost-makinesi-rosie-221-42-K.jpg","200","True"
"https://fakirglobal.com/grill-expert-elite-grill-toaster-2925-55-K.png","200","True"
"https://fakirglobal.com/grill-expert-pro-izgara-tost-makinesi-2926-55-K.png","200","True"
"https://www.fakir.az/crispy-tost-makinesi-matte-black-tost-makinesi-fakir-1956-11-O.png","200","True"
"https://www.fakir.az/fakir-skyfall-buxarli-utu-buxarli-utu-fakir-2072-11-O.jpg","200","True"
"https://www.fakir.az/fakir-skywalk-buxarli-utu-buxarli-utu-fakir-2067-11-O.jpg","200","True"
"https://fakirglobal.com/steel-proof-1800-kiyma-makinesi-300-58-K.png","200","True"
"https://fakirglobal.com/torque-1800-et-kiyma-makinesi-686-51-K.png","200","True"
"https://fakirglobal.com/juice-max-kati-meyve-presi-509-93-K.png","200","True"
"https://fakirglobal.com/alina-clean-cok-fonksiyonlu-buharli-temizleyici-1240-51-K.png","200","True"
"https://www.fakir.az/max-steam-cleaner-buxarli-temizleyici-fakir-2113-11-O.png","ERROR","False"
"https://www.fakir.az/fakir-duo-steam-2in1-buxarli-mop-buxarli-temizleyici-fakir-2184-11-O.png","ERROR","False"
"https://fakirglobal.com/sitare-ice-make-machine-2966-59-K.png","200","True"
"https://images.unsplash.com/photo-1556909114-f6e7ad7d3136?w=400&q=80","200","True"
"https://www.singer.com.tr/assets/img/uploads/product/M1155Black_01.jpg","200","True"
"http://europe.singer.com/cdn/shop/files/tp0uli1r7dbzrovucu4t_60cd7ccc-9dec-4df8-9575-7ec86d9c6162.jpg?v=1743602233","200","True"
"http://europe.singer.com/cdn/shop/files/lixtcff73j9ggnqflb7q.jpg?v=1743602292","200","True"
"http://europe.singer.com/cdn/shop/files/aid2qyl9fw0oicksrpfn.jpg?v=1743602218","200","True"
"https://www.singer.com.tr/assets/img/uploads/product/439_20200204164618.jpg","200","True"
"http://singersa.com/cdn/shop/files/1408-Promise-singer-sewing-machines.jpg?v=1694049916","200","True"
"http://singersewingoutlet.co.uk/cdn/shop/files/Singer1409_b264d860-07f7-4b5e-9c81-c0d88bba9572.jpg?v=1745998088","200","True"
"http://europe.singer.com/cdn/shop/files/bhexn7fizfvjoy1dsz55.jpg?v=1744287258","200","True"
"https://www.singer.com.tr/assets/img/uploads/product/431_20200528111144.jpg","200","True"
"https://static.elitoptimal.az/ElitOptimal/9870548c-2f9a-4528-be26-58e25bb6ce28_Thumb.jpeg","200","True"
"https://storage.irshad.az/products/resized/RWvcU16QCSk1QsZ1n30kwuIU6Vn4Bg5SHU3izH6l.webp","200","True"
"https://storage.irshad.az/products/resized/LEmMRtj0T84Jev7UjTaGTgsj5nhy5T5DvqGc4iUX.webp","200","True"
"https://cdn.megamart.az/products/112408-198717-thickbox.jpg","200","True"
"https://storage.irshad.az/products/resized/GrkPPiYOjEkBLj2CDj2KRvRXyrQJDeOCAPue3kxg.webp","200","True"
"https://storage.irshad.az/products/resized/2xL3VXBVzik4cWvdi4BdP7iwysRpepC9NIekayyi.png","200","True"
"https://cdn.megamart.az/products/112414-198725-thickbox.jpg","200","True"
"https://media.bakuelectronics.az/media/inventImages/IZGARA_GASTRO_GPRS_Rosie_1.webp","200","True"
"https://media.bakuelectronics.az/media/inventImages/Gastro_BKRS_Black-Rosie.webp","200","True"
"https://cdn.megamart.az/products/112439-198815-thickbox.jpg","200","True"
"https://cdn.megamart.az/products/112440-198818-thickbox.jpg","200","True"
